post_id,subreddit,title,author,comment,cleaned_comment,compound_score,sentiment,vader_pos,vader_neu,vader_neg,upvotes,created_time
p001,r/technology,OpenAI releases GPT-5 with unprecedented reasoning capabilities,u/TechGuru99,This is incredible. I've been waiting for this level of reasoning for years. Can't wait to integrate it into my workflow.,incredible ive waiting level reasoning years cant wait integrate workflow,0.0,Neutral,0.0,1.0,0.0,24300,2024-01-15
p001,r/technology,OpenAI releases GPT-5 with unprecedented reasoning capabilities,u/TechGuru99,Bold claim. Benchmark performance rarely translates to real-world utility. I'll believe it when I see it.,bold claim benchmark performance rarely translates realworld utility ill believe when see,-0.0516,Negative,0.169,0.649,0.182,24300,2024-01-15
p001,r/technology,OpenAI releases GPT-5 with unprecedented reasoning capabilities,u/TechGuru99,The multi-step reasoning leap is genuinely impressive. The paper will be fascinating to read.,multistep reasoning leap genuinely impressive paper fascinating read,0.7783,Positive,0.531,0.469,0.0,24300,2024-01-15
p001,r/technology,OpenAI releases GPT-5 with unprecedented reasoning capabilities,u/TechGuru99,When are we going to have a serious conversation about the societal implications? This is moving too fast.,when going serious conversation societal implications moving too fast,-0.0772,Negative,0.0,0.86,0.14,24300,2024-01-15
p001,r/technology,OpenAI releases GPT-5 with unprecedented reasoning capabilities,u/TechGuru99,Already building a product around this. The API pricing is the make-or-break factor for solo devs.,already building product around api pricing makeorbreak factor solo devs,0.0,Neutral,0.0,1.0,0.0,24300,2024-01-15
p002,r/science,New study links gut microbiome diversity to mental health outcomes,u/ScienceNerd42,Fascinating research. Diet is consistently underestimated in mental health treatment. This reinforces why.,fascinating research diet consistently underestimated mental health treatment reinforces why,0.34,Positive,0.257,0.588,0.154,18750,2024-01-14
p002,r/science,New study links gut microbiome diversity to mental health outcomes,u/ScienceNerd42,Correlation is not causation. The study design needs scrutiny before we draw sweeping conclusions.,correlation not causation study design needs scrutiny draw sweeping conclusions,0.0,Neutral,0.0,1.0,0.0,18750,2024-01-14
p002,r/science,New study links gut microbiome diversity to mental health outcomes,u/ScienceNerd42,This could be a game changer for mental health treatment. Truly groundbreaking work!,game changer mental health treatment truly groundbreaking work,0.4404,Positive,0.293,0.707,0.0,18750,2024-01-14
p002,r/science,New study links gut microbiome diversity to mental health outcomes,u/ScienceNerd42,Interesting but the sample size needs to be much larger for meaningful conclusions.,interesting sample size needs much larger meaningful conclusions,0.6124,Positive,0.455,0.545,0.0,18750,2024-01-13
p003,r/space,SpaceX Starship completes first fully successful orbital test flight,u/SpaceFanatic,This is the moment we've been waiting for. Reusable heavy-lift launch changes the economics of space forever.,moment weve waiting reusable heavylift launch changes economics space forever,0.0,Neutral,0.0,1.0,0.0,41200,2024-01-12
p003,r/space,SpaceX Starship completes first fully successful orbital test flight,u/SpaceFanatic,Mars in 5 years feels less crazy now. The engineering achievement here is staggering.,mars 5 years feels less crazy now engineering achievement here staggering,-0.2748,Negative,0.0,0.826,0.174,41200,2024-01-12
p003,r/space,SpaceX Starship completes first fully successful orbital test flight,u/SpaceFanatic,Hope the FAA keeps a close eye on the environmental impact of these launches.,hope faa keeps close eye environmental impact launches,0.4404,Positive,0.293,0.707,0.0,41200,2024-01-11
p003,r/space,SpaceX Starship completes first fully successful orbital test flight,u/SpaceFanatic,Absolutely breathtaking. What a time to be alive! Humanity is going to the stars.,absolutely breathtaking time alive humanity going stars,0.7316,Positive,0.552,0.448,0.0,41200,2024-01-11
p004,r/worldnews,Global inflation hits 40-year high as energy prices surge,u/EconomicsWatcher,I haven't been able to afford groceries without cutting something else for 6 months. This is real and it's painful.,havent able afford groceries without cutting something else 6 months real painful,-0.3674,Negative,0.096,0.701,0.203,9800,2024-01-10
p004,r/worldnews,Global inflation hits 40-year high as energy prices surge,u/EconomicsWatcher,Energy price shocks have historically driven inflationary waves. The question is the duration and central bank response.,energy price shocks historically driven inflationary waves question duration central bank response,-0.128,Negative,0.143,0.68,0.177,9800,2024-01-10
p004,r/worldnews,Global inflation hits 40-year high as energy prices surge,u/EconomicsWatcher,Government response has been completely inadequate. People are suffering while politicians debate.,government response completely inadequate people suffering politicians debate,-0.7474,Negative,0.0,0.486,0.514,9800,2024-01-09
p004,r/worldnews,Global inflation hits 40-year high as energy prices surge,u/EconomicsWatcher,Inflation continues to erode savings. Middle class is shrinking rapidly.,inflation continues erode savings middle class shrinking rapidly,0.0,Neutral,0.0,1.0,0.0,9800,2024-01-09
p005,r/Python,Python 4.0 roadmap released - what features are you most excited about?,u/SnakeLover_Dev,If they finally remove the GIL by default this will be a massive upgrade for concurrency-heavy applications.,finally remove gil default massive upgrade concurrencyheavy applications,0.0,Neutral,0.0,1.0,0.0,12600,2024-01-08
p005,r/Python,Python 4.0 roadmap released - what features are you most excited about?,u/SnakeLover_Dev,Please don't break my existing codebases. The Python 2 to 3 migration was traumatic enough.,please dont break existing codebases python 2 3 migration traumatic enough,-0.34,Negative,0.153,0.6,0.247,12600,2024-01-08
p005,r/Python,Python 4.0 roadmap released - what features are you most excited about?,u/SnakeLover_Dev,Django 5.0 is a game changer for web development. Python ecosystem keeps getting better.,django 50 game changer web development python ecosystem keeps getting better,0.4404,Positive,0.225,0.775,0.0,12600,2024-01-07
p005,r/Python,Python 4.0 roadmap released - what features are you most excited about?,u/SnakeLover_Dev,This community never fails to amaze me. Pure gold content every single day.,community never fails amaze pure gold content every single day,-0.1326,Negative,0.177,0.607,0.216,12600,2024-01-07
p006,r/technology,The new API pricing changes are absolutely devastating for third-party developers,u/DevMario,This move essentially kills all innovation in the ecosystem. Worst corporate decision of the year.,move essentially kills all innovation ecosystem worst corporate decision year,-0.7184,Negative,0.151,0.407,0.442,22400,2024-01-06
p006,r/technology,The new API pricing changes are absolutely devastating for third-party developers,u/DevMario,Not sure how I feel about this. It seems like a standard incremental change. Nothing revolutionary.,not sure how feel seems like standard incremental change nothing revolutionary,0.1376,Positive,0.186,0.669,0.146,22400,2024-01-06
p006,r/technology,The new API pricing changes are absolutely devastating for third-party developers,u/DevMario,Absolutely unacceptable level of service pricing. Developers are being priced out.,absolutely unacceptable level service pricing developers priced out,-0.5095,Negative,0.0,0.68,0.32,22400,2024-01-05
p006,r/technology,The new API pricing changes are absolutely devastating for third-party developers,u/DevMario,The privacy implications of this change are terrifying for the open-source world.,privacy implications change terrifying opensource world,-0.5719,Negative,0.0,0.575,0.425,22400,2024-01-05
p007,r/space,New telescope images reveal stunning view of distant galaxy cluster,u/StarGazer99,New study results look promising. The images are absolutely breathtaking and awe-inspiring.,new study results look promising images absolutely breathtaking aweinspiring,0.7178,Positive,0.461,0.539,0.0,15800,2024-01-04
p007,r/space,New telescope images reveal stunning view of distant galaxy cluster,u/StarGazer99,What an amazing achievement! Science at its finest. Humanity is fantastic.,amazing achievement science finest humanity fantastic,0.8126,Positive,0.649,0.351,0.0,15800,2024-01-04
p007,r/space,New telescope images reveal stunning view of distant galaxy cluster,u/StarGazer99,These images are incredible but we need to fund more missions like this. Government not investing enough.,images incredible need fund missions like government not investing enough,0.3612,Positive,0.217,0.783,0.0,15800,2024-01-03
p008,r/science,Breakthrough in battery technology could double EV range,u/GreenFuture,This is the breakthrough EV adoption has been waiting for. Truly exciting development!,breakthrough ev adoption waiting truly exciting development,0.7269,Positive,0.55,0.45,0.0,28900,2024-01-03
p008,r/science,Breakthrough in battery technology could double EV range,u/GreenFuture,Lab results and production reality are very different things. I'll celebrate when it's in actual cars.,lab results production reality very different things ill celebrate when actual cars,0.1621,Positive,0.221,0.597,0.183,28900,2024-01-02
p008,r/science,Breakthrough in battery technology could double EV range,u/GreenFuture,Clean energy future is getting closer. Excellent news for the planet!,clean energy future getting closer excellent news planet,0.8176,Positive,0.63,0.37,0.0,28900,2024-01-02
