post_id,subreddit,title,author,comment,score,upvotes,created_time
p001,r/technology,OpenAI releases GPT-5 with unprecedented reasoning capabilities,u/TechGuru99,This is incredible. I've been waiting for this level of reasoning for years. Can't wait to integrate it into my workflow.,1240,24300,2024-01-15
p001,r/technology,OpenAI releases GPT-5 with unprecedented reasoning capabilities,u/TechGuru99,Bold claim. Benchmark performance rarely translates to real-world utility. I'll believe it when I see it.,430,24300,2024-01-15
p001,r/technology,OpenAI releases GPT-5 with unprecedented reasoning capabilities,u/TechGuru99,The multi-step reasoning leap is genuinely impressive. The paper will be fascinating to read.,980,24300,2024-01-15
p001,r/technology,OpenAI releases GPT-5 with unprecedented reasoning capabilities,u/TechGuru99,When are we going to have a serious conversation about the societal implications? This is moving too fast.,760,24300,2024-01-15
p001,r/technology,OpenAI releases GPT-5 with unprecedented reasoning capabilities,u/TechGuru99,Already building a product around this. The API pricing is the make-or-break factor for solo devs.,520,24300,2024-01-15
p002,r/science,New study links gut microbiome diversity to mental health outcomes,u/ScienceNerd42,Fascinating research. Diet is consistently underestimated in mental health treatment. This reinforces why.,870,18750,2024-01-14
p002,r/science,New study links gut microbiome diversity to mental health outcomes,u/ScienceNerd42,Correlation is not causation. The study design needs scrutiny before we draw sweeping conclusions.,650,18750,2024-01-14
p002,r/science,New study links gut microbiome diversity to mental health outcomes,u/ScienceNerd42,This could be a game changer for mental health treatment. Truly groundbreaking work!,880,18750,2024-01-14
p002,r/science,New study links gut microbiome diversity to mental health outcomes,u/ScienceNerd42,Interesting but the sample size needs to be much larger for meaningful conclusions.,340,18750,2024-01-13
p003,r/space,SpaceX Starship completes first fully successful orbital test flight,u/SpaceFanatic,This is the moment we've been waiting for. Reusable heavy-lift launch changes the economics of space forever.,3200,41200,2024-01-12
p003,r/space,SpaceX Starship completes first fully successful orbital test flight,u/SpaceFanatic,Mars in 5 years feels less crazy now. The engineering achievement here is staggering.,2100,41200,2024-01-12
p003,r/space,SpaceX Starship completes first fully successful orbital test flight,u/SpaceFanatic,Hope the FAA keeps a close eye on the environmental impact of these launches.,890,41200,2024-01-11
p003,r/space,SpaceX Starship completes first fully successful orbital test flight,u/SpaceFanatic,Absolutely breathtaking. What a time to be alive! Humanity is going to the stars.,5600,41200,2024-01-11
p004,r/worldnews,Global inflation hits 40-year high as energy prices surge,u/EconomicsWatcher,I haven't been able to afford groceries without cutting something else for 6 months. This is real and it's painful.,4500,9800,2024-01-10
p004,r/worldnews,Global inflation hits 40-year high as energy prices surge,u/EconomicsWatcher,Energy price shocks have historically driven inflationary waves. The question is the duration and central bank response.,1200,9800,2024-01-10
p004,r/worldnews,Global inflation hits 40-year high as energy prices surge,u/EconomicsWatcher,Government response has been completely inadequate. People are suffering while politicians debate.,2200,9800,2024-01-09
p004,r/worldnews,Global inflation hits 40-year high as energy prices surge,u/EconomicsWatcher,Inflation continues to erode savings. Middle class is shrinking rapidly.,3100,9800,2024-01-09
p005,r/Python,Python 4.0 roadmap released - what features are you most excited about?,u/SnakeLover_Dev,If they finally remove the GIL by default this will be a massive upgrade for concurrency-heavy applications.,2100,12600,2024-01-08
p005,r/Python,Python 4.0 roadmap released - what features are you most excited about?,u/SnakeLover_Dev,Please don't break my existing codebases. The Python 2 to 3 migration was traumatic enough.,1800,12600,2024-01-08
p005,r/Python,Python 4.0 roadmap released - what features are you most excited about?,u/SnakeLover_Dev,Django 5.0 is a game changer for web development. Python ecosystem keeps getting better.,1100,12600,2024-01-07
p005,r/Python,Python 4.0 roadmap released - what features are you most excited about?,u/SnakeLover_Dev,This community never fails to amaze me. Pure gold content every single day.,950,12600,2024-01-07
p006,r/technology,The new API pricing changes are absolutely devastating for third-party developers,u/DevMario,This move essentially kills all innovation in the ecosystem. Worst corporate decision of the year.,2800,22400,2024-01-06
p006,r/technology,The new API pricing changes are absolutely devastating for third-party developers,u/DevMario,Not sure how I feel about this. It seems like a standard incremental change. Nothing revolutionary.,290,22400,2024-01-06
p006,r/technology,The new API pricing changes are absolutely devastating for third-party developers,u/DevMario,Absolutely unacceptable level of service pricing. Developers are being priced out.,1900,22400,2024-01-05
p006,r/technology,The new API pricing changes are absolutely devastating for third-party developers,u/DevMario,The privacy implications of this change are terrifying for the open-source world.,2600,22400,2024-01-05
p007,r/space,New telescope images reveal stunning view of distant galaxy cluster,u/StarGazer99,New study results look promising. The images are absolutely breathtaking and awe-inspiring.,560,15800,2024-01-04
p007,r/space,New telescope images reveal stunning view of distant galaxy cluster,u/StarGazer99,What an amazing achievement! Science at its finest. Humanity is fantastic.,4200,15800,2024-01-04
p007,r/space,New telescope images reveal stunning view of distant galaxy cluster,u/StarGazer99,These images are incredible but we need to fund more missions like this. Government not investing enough.,1800,15800,2024-01-03
p008,r/science,Breakthrough in battery technology could double EV range,u/GreenFuture,This is the breakthrough EV adoption has been waiting for. Truly exciting development!,3400,28900,2024-01-03
p008,r/science,Breakthrough in battery technology could double EV range,u/GreenFuture,Lab results and production reality are very different things. I'll celebrate when it's in actual cars.,1100,28900,2024-01-02
p008,r/science,Breakthrough in battery technology could double EV range,u/GreenFuture,Clean energy future is getting closer. Excellent news for the planet!,2700,28900,2024-01-02
